{
  "ie": {
    "6": 0,
    "7": 0,
    "8": 0.005270925574530887,
    "9": 0.06325110689437065,
    "10": 0,
    "11": 0.044802867383512544,
    "5.5": 0
  },
  "edge": {
    "12": 0,
    "13": 0,
    "14": 0,
    "15": 0,
    "16": 0.013177313936327218,
    "17": 0.013177313936327218,
    "18": 0.5086443179422306,
    "76": 0
  },
  "firefox": {
    "2": 0,
    "3": 0,
    "4": 0,
    "5": 0,
    "6": 0,
    "7": 0,
    "8": 0,
    "9": 0,
    "10": 0,
    "11": 0,
    "12": 0,
    "13": 0,
    "14": 0,
    "15": 0,
    "16": 0,
    "17": 0,
    "18": 0,
    "19": 0,
    "20": 0,
    "21": 0,
    "22": 0,
    "23": 0,
    "24": 0,
    "25": 0,
    "26": 0,
    "27": 0,
    "28": 0,
    "29": 0,
    "30": 0,
    "31": 0,
    "32": 0,
    "33": 0,
    "34": 0,
    "35": 0,
    "36": 0,
    "37": 0,
    "38": 0,
    "39": 0,
    "40": 0,
    "41": 0,
    "42": 0,
    "43": 0,
    "44": 0.0026354627872654437,
    "45": 0,
    "46": 0,
    "47": 0,
    "48": 0,
    "49": 0,
    "50": 0,
    "51": 0,
    "52": 0,
    "53": 0,
    "54": 0,
    "55": 0,
    "56": 0,
    "57": 0,
    "58": 0,
    "59": 0.0026354627872654437,
    "60": 1.0225595614589922,
    "61": 0.17657600674678475,
    "62": 0.0026354627872654437,
    "63": 0.0026354627872654437,
    "64": 0,
    "65": 0.015812776723592662,
    "66": 0.010541851149061775,
    "67": 0.039531941808981653,
    "68": 1.697238034998946,
    "69": 6.3989036474804974,
    "70": 2.3745519713261647,
    "71": 0.2398271136411554,
    "72": 0,
    "3.5": 0,
    "3.6": 0
  },
  "chrome": {
    "4": 0,
    "5": 0,
    "6": 0,
    "7": 0,
    "8": 0,
    "9": 0,
    "10": 0,
    "11": 0,
    "12": 0,
    "13": 0,
    "14": 0,
    "15": 0,
    "16": 0,
    "17": 0,
    "18": 0,
    "19": 0,
    "20": 0,
    "21": 0,
    "22": 0,
    "23": 0,
    "24": 0,
    "25": 0,
    "26": 0,
    "27": 0,
    "28": 0,
    "29": 0,
    "30": 0,
    "31": 0,
    "32": 0,
    "33": 0,
    "34": 0,
    "35": 0,
    "36": 0,
    "37": 0,
    "38": 0,
    "39": 0,
    "40": 0,
    "41": 0,
    "42": 0,
    "43": 0,
    "44": 0,
    "45": 0,
    "46": 0,
    "47": 0,
    "48": 0,
    "49": 0,
    "50": 0,
    "51": 0,
    "52": 0,
    "53": 0,
    "54": 0,
    "55": 0,
    "56": 0,
    "57": 0.005270925574530887,
    "58": 0.023719165085388995,
    "59": 0,
    "60": 0.028990090659919882,
    "61": 0.005270925574530887,
    "62": 0.023719165085388995,
    "63": 0.0026354627872654437,
    "64": 0.14231499051233396,
    "65": 0.005270925574530887,
    "66": 0.0026354627872654437,
    "67": 0.08697027197975965,
    "68": 0.0026354627872654437,
    "69": 0.055344718532574326,
    "70": 0.11068943706514865,
    "71": 0.4401222854733291,
    "72": 0.26091081593927895,
    "73": 0.1265022137887413,
    "74": 0.3004427577482606,
    "75": 1.0594560404807085,
    "76": 32.764073371284,
    "77": 26.705144423360743,
    "78": 19.694813409234662,
    "79": 0.18975332068311196,
    "80": 0.07379295804343243,
    "81": 0.0026354627872654437
  },
  "safari": {
    "4": 0,
    "5": 0,
    "6": 0,
    "7": 0,
    "8": 0,
    "9": 0.007906388361796331,
    "10": 0,
    "11": 0,
    "12": 0.1686696183849884,
    "13": 1.0858106683533628,
    "3.1": 0,
    "3.2": 0,
    "5.1": 0,
    "6.1": 0,
    "7.1": 0,
    "9.1": 0,
    "10.1": 0,
    "11.1": 0.06325110689437065,
    "12.1": 1.8316466371494835,
    "TP": 0
  },
  "opera": {
    "9": 0,
    "11": 0,
    "12": 0.010541851149061775,
    "15": 0,
    "16": 0,
    "17": 0,
    "18": 0,
    "19": 0,
    "20": 0,
    "21": 0,
    "22": 0,
    "23": 0,
    "24": 0,
    "25": 0,
    "26": 0,
    "27": 0,
    "28": 0,
    "29": 0,
    "30": 0,
    "31": 0,
    "32": 0,
    "33": 0,
    "34": 0,
    "35": 0,
    "36": 0,
    "37": 0,
    "38": 0,
    "39": 0,
    "40": 0,
    "41": 0,
    "42": 0,
    "43": 0,
    "44": 0,
    "45": 0,
    "46": 0,
    "47": 0,
    "48": 0,
    "49": 0,
    "50": 0,
    "51": 0,
    "52": 0,
    "53": 0,
    "54": 0,
    "55": 0,
    "56": 0,
    "57": 0,
    "58": 0,
    "60": 0,
    "62": 0.013177313936327218,
    "63": 0.14758591608686486,
    "64": 0.02108370229812355,
    "9.5-9.6": 0,
    "10.0-10.1": 0,
    "10.5": 0,
    "10.6": 0,
    "11.1": 0,
    "11.5": 0,
    "11.6": 0,
    "12.1": 0
  },
  "ios_saf": {
    "8": 0,
    "3.2": 0,
    "4.0-4.1": 0,
    "4.2-4.3": 0,
    "5.0-5.1": 0,
    "6.0-6.1": 0,
    "7.0-7.1": 0,
    "8.1-8.4": 0,
    "9.0-9.2": 0,
    "9.3": 0.0026354627872654437,
    "10.0-10.2": 0.03426101623445077,
    "10.3": 0,
    "11.0-11.2": 0.010541851149061775,
    "11.3-11.4": 0.007906388361796331,
    "12.0-12.1": 0,
    "12.2-12.4": 0.4032258064516129,
    "13.0-13.1": 0.2899009065991988,
    "13.2": 0.018448239510858108,
    "13.3": 0
  },
  "op_mini": {
    "all": 0
  },
  "android": {
    "3": 0,
    "4": 0,
    "76": 0,
    "2.1": 0,
    "2.2": 0,
    "2.3": 0,
    "4.1": 0,
    "4.2-4.3": 0,
    "4.4": 0,
    "4.4.3-4.4.4": 0
  },
  "bb": {
    "7": 0,
    "10": 0
  },
  "op_mob": {
    "10": 0,
    "11": 0,
    "12": 0,
    "46": 0,
    "11.1": 0,
    "11.5": 0,
    "12.1": 0
  },
  "and_chr": {
    "78": 0.5587181109002741
  },
  "and_ff": {
    "68": 0.026354627872654437
  },
  "ie_mob": {
    "10": 0,
    "11": 0
  },
  "and_uc": {
    "12.12": 0
  },
  "samsung": {
    "4": 0,
    "5.0-5.4": 0,
    "6.2-6.4": 0,
    "7.2-7.4": 0,
    "8.2": 0,
    "9.2": 0,
    "10.1": 0
  },
  "and_qq": {
    "1.2": 0
  },
  "baidu": {
    "7.12": 0
  },
  "kaios": {
    "2.5": 0
  }
}
